{
  "reading_time" : 5.895003852,
  "reading_speed" : 59372311,
  "writing_speed" : 1.6440183835745474E7,
  "prepare_time" : 2.993620376,
  "write_time" : 12.213022232,
  "tsfile_size" : 4420
}