{
  "tsfile_size": 417173,
  "prepare_time": 63.880222,
  "write_time": 3.744944,
  "writing_speed": 3696848,
  "reading_time": 0.679873,
  "reading_speed": 367715780
}