{
  "prepare_time": 2.76293049,
  "reading_speed": 80277028,
  "reading_time": 3.114215924,
  "tsfile_size": 466522,
  "write_time": 3.8956011509999997,
  "writing_speed": 37545815.425824754
}