{
  "tsfile_size": 4630,
  "prepare_time": 287.082958,
  "writing_time": 17.697122,
  "writing_speed": 820263,
  "reading_time": 14.569003,
  "reading_speed": 17159718
}