{
  "reading_time" : 97.889980843,
  "reading_speed" : 2553887,
  "writing_speed" : 449758.70763260947,
  "prepare_time" : 3.821795215,
  "write_time" : 552.031811969,
  "tsfile_size" : 835811
}