{
  "prepare_time": 4.41853,
  "reading_speed": 20200733,
  "reading_time": 12.375788,
  "tsfile_size": 4630,
  "write_time": 9.723828,
  "writing_speed": 17677391.0
}
